SIFKO,SIFOB,IMEOB
110,80,Murska Sobota
111,80,Murska Sobota
112,80,Murska Sobota
113,80,Murska Sobota
114,10,Tišina
115,10,Tišina
116,10,Tišina
1,161,Hodoš/Hodos
2,78,Moravske Toplice
3,33,Šalovci
4,33,Šalovci
5,33,Šalovci
6,33,Šalovci
7,31,Gornji Petrovci
8,31,Gornji Petrovci
9,31,Gornji Petrovci
10,31,Gornji Petrovci
11,31,Gornji Petrovci
12,31,Gornji Petrovci
13,31,Gornji Petrovci
14,31,Gornji Petrovci
15,31,Gornji Petrovci
16,31,Gornji Petrovci
17,33,Šalovci
18,161,Hodoš/Hodos
19,33,Šalovci
20,31,Gornji Petrovci
21,31,Gornji Petrovci
22,31,Gornji Petrovci
23,56,Kuzma
24,56,Kuzma
25,56,Kuzma
26,56,Kuzma
27,56,Kuzma
28,105,Rogašovci
29,105,Rogašovci
30,105,Rogašovci
31,105,Rogašovci
32,105,Rogašovci
33,105,Rogašovci
34,105,Rogašovci
35,105,Rogašovci
36,105,Rogašovci
38,158,Grad
39,158,Grad
40,97,Puconci
41,97,Puconci
42,97,Puconci
43,158,Grad
44,97,Puconci
45,158,Grad
46,158,Grad
47,158,Grad
48,105,Rogašovci
49,105,Rogašovci
50,152,Cankova
51,152,Cankova
52,97,Puconci
53,97,Puconci
54,97,Puconci
55,97,Puconci
56,97,Puconci
57,31,Gornji Petrovci
58,97,Puconci
59,97,Puconci
60,97,Puconci
61,97,Puconci
62,97,Puconci
64,97,Puconci
73,97,Puconci
74,97,Puconci
75,97,Puconci
76,97,Puconci
77,97,Puconci
78,78,Moravske Toplice
79,97,Puconci
80,78,Moravske Toplice
81,78,Moravske Toplice
82,78,Moravske Toplice
83,78,Moravske Toplice
84,78,Moravske Toplice
85,78,Moravske Toplice
86,78,Moravske Toplice
87,78,Moravske Toplice
88,78,Moravske Toplice
89,78,Moravske Toplice
90,78,Moravske Toplice
91,78,Moravske Toplice
92,78,Moravske Toplice
93,78,Moravske Toplice
94,78,Moravske Toplice
95,78,Moravske Toplice
96,78,Moravske Toplice
97,78,Moravske Toplice
98,78,Moravske Toplice
99,78,Moravske Toplice
100,78,Moravske Toplice
101,78,Moravske Toplice
102,78,Moravske Toplice
103,78,Moravske Toplice
104,80,Murska Sobota
105,80,Murska Sobota
106,78,Moravske Toplice
107,78,Moravske Toplice
108,80,Murska Sobota
109,80,Murska Sobota
158,59,Lendava/Lendva
159,187,Velika Polana
160,187,Velika Polana
161,59,Lendava/Lendva
162,59,Lendava/Lendva
37,158,Grad
164,59,Lendava/Lendva
165,59,Lendava/Lendva
166,59,Lendava/Lendva
167,59,Lendava/Lendva
168,59,Lendava/Lendva
169,59,Lendava/Lendva
170,59,Lendava/Lendva
171,195,Apače
172,195,Apače
65,152,Cankova
66,152,Cankova
67,152,Cankova
68,152,Cankova
69,152,Cankova
70,152,Cankova
71,97,Puconci
72,97,Puconci
184,29,Gornja Radgona
186,29,Gornja Radgona
187,29,Gornja Radgona
188,29,Gornja Radgona
189,29,Gornja Radgona
173,195,Apače
174,195,Apače
175,195,Apače
176,195,Apače
177,195,Apače
178,195,Apače
179,195,Apače
180,195,Apače
181,195,Apače
182,195,Apače
203,29,Gornja Radgona
204,100,Radenci
190,29,Gornja Radgona
163,59,Lendava/Lendva
183,195,Apače
154,59,Lendava/Lendva
155,59,Lendava/Lendva
156,59,Lendava/Lendva
157,59,Lendava/Lendva
217,100,Radenci
218,100,Radenci
219,100,Radenci
220,116,Sveti Jurij ob Ščavnici
221,116,Sveti Jurij ob Ščavnici
222,116,Sveti Jurij ob Ščavnici
223,116,Sveti Jurij ob Ščavnici
224,116,Sveti Jurij ob Ščavnici
225,116,Sveti Jurij ob Ščavnici
226,116,Sveti Jurij ob Ščavnici
227,116,Sveti Jurij ob Ščavnici
228,116,Sveti Jurij ob Ščavnici
229,116,Sveti Jurij ob Ščavnici
230,166,Križevci
231,166,Križevci
205,29,Gornja Radgona
206,29,Gornja Radgona
232,166,Križevci
233,188,Veržej
234,188,Veržej
235,166,Križevci
236,166,Križevci
237,188,Veržej
238,63,Ljutomer
239,63,Ljutomer
240,63,Ljutomer
241,63,Ljutomer
242,63,Ljutomer
243,63,Ljutomer
244,166,Križevci
245,166,Križevci
246,166,Križevci
247,166,Križevci
248,63,Ljutomer
249,63,Ljutomer
250,166,Križevci
191,195,Apače
192,29,Gornja Radgona
193,29,Gornja Radgona
194,29,Gornja Radgona
195,29,Gornja Radgona
196,29,Gornja Radgona
197,29,Gornja Radgona
198,100,Radenci
199,100,Radenci
200,100,Radenci
201,100,Radenci
202,100,Radenci
117,10,Tišina
118,10,Tišina
119,10,Tišina
120,10,Tišina
121,10,Tišina
122,10,Tišina
123,10,Tišina
124,10,Tišina
125,10,Tišina
126,80,Murska Sobota
127,80,Murska Sobota
128,80,Murska Sobota
129,2,Beltinci
130,2,Beltinci
131,2,Beltinci
132,2,Beltinci
133,2,Beltinci
134,2,Beltinci
135,2,Beltinci
136,2,Beltinci
137,86,Odranci
138,15,Črenšovci
139,15,Črenšovci
140,15,Črenšovci
141,15,Črenšovci
142,15,Črenšovci
143,15,Črenšovci
144,47,Kobilje
145,156,Dobrovnik/Dobronak
146,156,Dobrovnik/Dobronak
147,156,Dobrovnik/Dobronak
148,132,Turnišče
149,132,Turnišče
150,132,Turnišče
151,187,Velika Polana
152,132,Turnišče
153,59,Lendava/Lendva
271,63,Ljutomer
272,63,Ljutomer
273,63,Ljutomer
274,63,Ljutomer
275,176,Razkrižje
276,176,Razkrižje
277,176,Razkrižje
286,205,Sveti Tomaž
287,87,Ormož
288,205,Sveti Tomaž
289,205,Sveti Tomaž
290,87,Ormož
291,87,Ormož
292,87,Ormož
293,87,Ormož
294,87,Ormož
295,87,Ormož
296,87,Ormož
297,87,Ormož
298,87,Ormož
261,63,Ljutomer
262,63,Ljutomer
263,63,Ljutomer
264,63,Ljutomer
265,63,Ljutomer
266,63,Ljutomer
267,63,Ljutomer
268,63,Ljutomer
357,42,Juršinci
358,42,Juršinci
251,116,Sveti Jurij ob Ščavnici
252,63,Ljutomer
253,63,Ljutomer
254,63,Ljutomer
255,63,Ljutomer
256,63,Ljutomer
257,63,Ljutomer
258,63,Ljutomer
259,63,Ljutomer
260,63,Ljutomer
285,205,Sveti Tomaž
269,63,Ljutomer
270,63,Ljutomer
210,29,Gornja Radgona
211,29,Gornja Radgona
212,100,Radenci
213,116,Sveti Jurij ob Ščavnici
214,116,Sveti Jurij ob Ščavnici
215,116,Sveti Jurij ob Ščavnici
216,100,Radenci
356,42,Juršinci
359,42,Juršinci
360,42,Juršinci
361,18,Destrnik
362,18,Destrnik
278,176,Razkrižje
279,205,Sveti Tomaž
280,205,Sveti Tomaž
281,205,Sveti Tomaž
282,205,Sveti Tomaž
283,205,Sveti Tomaž
284,205,Sveti Tomaž
207,29,Gornja Radgona
208,29,Gornja Radgona
209,29,Gornja Radgona
378,24,Dornava
379,24,Dornava
380,24,Dornava
381,28,Gorišnica
382,24,Dornava
383,24,Dornava
370,18,Destrnik
371,18,Destrnik
372,96,Ptuj
373,42,Juršinci
374,42,Juršinci
375,42,Juršinci
376,42,Juršinci
390,96,Ptuj
391,96,Ptuj
392,96,Ptuj
393,159,Hajdina
394,45,Kidričevo
395,159,Hajdina
396,159,Hajdina
397,159,Hajdina
399,159,Hajdina
400,96,Ptuj
401,96,Ptuj
363,18,Destrnik
364,18,Destrnik
365,18,Destrnik
366,96,Ptuj
367,96,Ptuj
368,18,Destrnik
369,18,Destrnik
402,96,Ptuj
403,168,Markovci
377,24,Dornava
333,87,Ormož
334,87,Ormož
335,87,Ormož
336,202,Središče ob Dravi
337,202,Središče ob Dravi
338,202,Središče ob Dravi
339,182,Sveti Andraž v Slov. goricah
340,182,Sveti Andraž v Slov. goricah
341,182,Sveti Andraž v Slov. goricah
342,182,Sveti Andraž v Slov. goricah
343,182,Sveti Andraž v Slov. goricah
344,182,Sveti Andraž v Slov. goricah
345,185,Trnovska vas
346,185,Trnovska vas
347,185,Trnovska vas
348,185,Trnovska vas
349,18,Destrnik
350,185,Trnovska vas
351,18,Destrnik
352,18,Destrnik
353,42,Juršinci
354,42,Juršinci
355,42,Juršinci
416,168,Markovci
417,168,Markovci
418,168,Markovci
419,135,Videm
384,24,Dornava
385,96,Ptuj
386,96,Ptuj
387,96,Ptuj
388,96,Ptuj
389,96,Ptuj
299,87,Ormož
300,87,Ormož
301,87,Ormož
302,87,Ormož
303,87,Ormož
304,87,Ormož
305,87,Ormož
306,87,Ormož
307,87,Ormož
308,87,Ormož
309,87,Ormož
310,87,Ormož
311,87,Ormož
312,87,Ormož
313,202,Središče ob Dravi
314,87,Ormož
315,87,Ormož
316,87,Ormož
317,87,Ormož
318,87,Ormož
319,87,Ormož
320,87,Ormož
321,87,Ormož
322,87,Ormož
323,87,Ormož
324,87,Ormož
325,87,Ormož
326,87,Ormož
327,87,Ormož
328,87,Ormož
329,87,Ormož
330,87,Ormož
331,87,Ormož
332,87,Ormož
431,45,Kidričevo
432,45,Kidričevo
433,45,Kidričevo
434,45,Kidričevo
435,45,Kidričevo
436,69,Majšperk
437,69,Majšperk
438,69,Majšperk
439,69,Majšperk
440,69,Majšperk
423,135,Videm
404,168,Markovci
420,135,Videm
421,135,Videm
422,135,Videm
413,28,Gorišnica
414,168,Markovci
415,168,Markovci
429,45,Kidričevo
430,45,Kidričevo
409,28,Gorišnica
410,28,Gorišnica
411,28,Gorišnica
412,28,Gorišnica
459,135,Videm
460,135,Videm
461,196,Cirkulane
462,196,Cirkulane
463,196,Cirkulane
464,143,Zavrč
424,45,Kidričevo
425,45,Kidričevo
426,45,Kidričevo
427,45,Kidričevo
428,45,Kidričevo
468,143,Zavrč
469,143,Zavrč
470,143,Zavrč
405,168,Markovci
406,28,Gorišnica
407,28,Gorišnica
408,28,Gorišnica
485,135,Videm
471,143,Zavrč
472,143,Zavrč
473,196,Cirkulane
474,196,Cirkulane
475,196,Cirkulane
488,135,Videm
486,135,Videm
465,143,Zavrč
466,143,Zavrč
467,143,Zavrč
484,135,Videm
449,135,Videm
450,135,Videm
451,172,Podlehnik
452,135,Videm
453,172,Podlehnik
454,172,Podlehnik
455,172,Podlehnik
489,135,Videm
490,135,Videm
491,172,Podlehnik
492,172,Podlehnik
493,172,Podlehnik
494,172,Podlehnik
476,196,Cirkulane
477,196,Cirkulane
478,196,Cirkulane
479,196,Cirkulane
480,196,Cirkulane
481,196,Cirkulane
482,196,Cirkulane
483,135,Videm
527,210,Sveti Jurij v Slov. goricah
528,210,Sveti Jurij v Slov. goricah
529,210,Sveti Jurij v Slov. goricah
530,210,Sveti Jurij v Slov. goricah
531,58,Lenart
532,58,Lenart
533,58,Lenart
534,204,Sveta Trojica v Slov. goricah
535,204,Sveta Trojica v Slov. goricah
536,204,Sveta Trojica v Slov. goricah
537,204,Sveta Trojica v Slov. goricah
538,204,Sveta Trojica v Slov. goricah
539,153,Cerkvenjak
540,153,Cerkvenjak
541,153,Cerkvenjak
542,153,Cerkvenjak
543,153,Cerkvenjak
487,135,Videm
441,69,Majšperk
442,69,Majšperk
443,69,Majšperk
444,69,Majšperk
445,135,Videm
446,135,Videm
447,135,Videm
448,135,Videm
562,58,Lenart
563,118,Šentilj
564,118,Šentilj
565,118,Šentilj
566,118,Šentilj
567,118,Šentilj
568,118,Šentilj
569,118,Šentilj
570,118,Šentilj
571,89,Pesnica
572,89,Pesnica
573,89,Pesnica
574,89,Pesnica
575,118,Šentilj
579,89,Pesnica
580,89,Pesnica
544,153,Cerkvenjak
545,153,Cerkvenjak
546,204,Sveta Trojica v Slov. goricah
547,204,Sveta Trojica v Slov. goricah
548,204,Sveta Trojica v Slov. goricah
549,58,Lenart
550,58,Lenart
551,58,Lenart
581,118,Šentilj
582,118,Šentilj
583,118,Šentilj
584,118,Šentilj
576,118,Šentilj
577,89,Pesnica
578,89,Pesnica
456,172,Podlehnik
457,172,Podlehnik
458,135,Videm
526,210,Sveti Jurij v Slov. goricah
498,191,Žetale
499,69,Majšperk
500,69,Majšperk
501,69,Majšperk
502,69,Majšperk
503,69,Majšperk
504,191,Žetale
505,191,Žetale
506,191,Žetale
507,181,Sveta Ana
508,181,Sveta Ana
509,181,Sveta Ana
510,181,Sveta Ana
511,210,Sveti Jurij v Slov. goricah
512,181,Sveta Ana
513,181,Sveta Ana
514,181,Sveta Ana
515,181,Sveta Ana
516,148,Benedikt
517,148,Benedikt
518,148,Benedikt
519,148,Benedikt
520,148,Benedikt
521,148,Benedikt
522,58,Lenart
523,58,Lenart
524,181,Sveta Ana
585,118,Šentilj
586,55,Kungota
587,55,Kungota
588,55,Kungota
552,58,Lenart
553,58,Lenart
554,58,Lenart
555,58,Lenart
556,204,Sveta Trojica v Slov. goricah
557,58,Lenart
558,58,Lenart
559,58,Lenart
561,58,Lenart
613,89,Pesnica
614,89,Pesnica
615,89,Pesnica
616,89,Pesnica
617,89,Pesnica
495,172,Podlehnik
496,172,Podlehnik
497,191,Žetale
629,178,Selnica ob Dravi
618,89,Pesnica
619,89,Pesnica
620,55,Kungota
621,70,Maribor
622,70,Maribor
623,178,Selnica ob Dravi
624,178,Selnica ob Dravi
625,178,Selnica ob Dravi
626,178,Selnica ob Dravi
627,178,Selnica ob Dravi
628,178,Selnica ob Dravi
630,178,Selnica ob Dravi
525,210,Sveti Jurij v Slov. goricah
599,55,Kungota
600,55,Kungota
601,55,Kungota
602,70,Maribor
603,55,Kungota
604,55,Kungota
605,89,Pesnica
606,89,Pesnica
607,89,Pesnica
608,89,Pesnica
609,89,Pesnica
610,89,Pesnica
611,89,Pesnica
612,89,Pesnica
643,89,Pesnica
644,70,Maribor
589,55,Kungota
590,55,Kungota
591,55,Kungota
592,55,Kungota
593,55,Kungota
594,55,Kungota
640,70,Maribor
641,89,Pesnica
642,89,Pesnica
598,55,Kungota
649,70,Maribor
650,70,Maribor
631,178,Selnica ob Dravi
632,178,Selnica ob Dravi
633,70,Maribor
634,70,Maribor
635,70,Maribor
636,70,Maribor
637,70,Maribor
638,70,Maribor
639,70,Maribor
648,70,Maribor
838,25,Dravograd
839,25,Dravograd
840,25,Dravograd
841,25,Dravograd
842,25,Dravograd
843,25,Dravograd
844,25,Dravograd
845,112,Slovenj Gradec
846,112,Slovenj Gradec
847,112,Slovenj Gradec
968,133,Velenje
969,125,Šmartno ob Paki
810,81,Muta
811,141,Vuzenica
812,141,Vuzenica
813,141,Vuzenica
814,141,Vuzenica
815,141,Vuzenica
816,101,Radlje ob Dravi
769,113,Slovenska Bistrica
806,101,Radlje ob Dravi
938,83,Nazarje
939,83,Nazarje
940,83,Nazarje
941,30,Gornji Grad
942,30,Gornji Grad
943,30,Gornji Grad
944,30,Gornji Grad
970,125,Šmartno ob Paki
972,125,Šmartno ob Paki
973,125,Šmartno ob Paki
974,133,Velenje
975,133,Velenje
1043,57,Laško
1053,139,Vojnik
1054,139,Vojnik
1055,139,Vojnik
1056,155,Dobrna
1057,11,Celje
1058,11,Celje
1059,139,Vojnik
1060,139,Vojnik
1061,139,Vojnik
1062,139,Vojnik
1063,139,Vojnik
1064,139,Vojnik
1065,139,Vojnik
1066,139,Vojnik
1067,11,Celje
1068,11,Celje
1069,11,Celje
1070,11,Celje
1071,11,Celje
1072,11,Celje
1073,11,Celje
1074,11,Celje
1075,11,Celje
1076,11,Celje
1077,11,Celje
1078,11,Celje
976,133,Velenje
977,190,Žalec
978,190,Žalec
979,190,Žalec
980,173,Polzela
981,173,Polzela
982,173,Polzela
983,151,Braslovče
985,151,Braslovče
986,151,Braslovče
1038,57,Laško
945,126,Šoštanj
946,126,Šoštanj
947,126,Šoštanj
948,126,Šoštanj
949,126,Šoštanj
950,133,Velenje
951,133,Velenje
651,70,Maribor
703,160,Hoče - Slivnica
704,160,Hoče - Slivnica
705,160,Hoče - Slivnica
706,160,Hoče - Slivnica
707,160,Hoče - Slivnica
708,169,Miklavž na Dravskem polju
987,151,Braslovče
663,108,Ruše
664,108,Ruše
659,70,Maribor
660,70,Maribor
661,70,Maribor
666,167,Lovrenc na Pohorju
770,113,Slovenska Bistrica
771,113,Slovenska Bistrica
1135,120,Šentjur
1136,120,Šentjur
1137,120,Šentjur
1138,120,Šentjur
1139,120,Šentjur
1140,120,Šentjur
709,115,Starše
710,26,Duplek
711,26,Duplek
712,115,Starše
713,115,Starše
714,115,Starše
715,115,Starše
716,98,Rače - Fram
717,98,Rače - Fram
732,113,Slovenska Bistrica
817,101,Radlje ob Dravi
818,101,Radlje ob Dravi
819,93,Podvelka
820,93,Podvelka
821,93,Podvelka
822,93,Podvelka
772,198,Makole
773,198,Makole
774,198,Makole
775,198,Makole
776,198,Makole
777,200,Poljčane
778,200,Poljčane
779,200,Poljčane
780,200,Poljčane
781,200,Poljčane
782,200,Poljčane
783,200,Poljčane
784,200,Poljčane
785,198,Makole
786,81,Muta
787,81,Muta
788,81,Muta
789,81,Muta
790,101,Radlje ob Dravi
791,101,Radlje ob Dravi
792,101,Radlje ob Dravi
793,101,Radlje ob Dravi
794,101,Radlje ob Dravi
795,101,Radlje ob Dravi
796,93,Podvelka
797,93,Podvelka
798,93,Podvelka
799,93,Podvelka
800,93,Podvelka
801,93,Podvelka
864,76,Mislinja
865,76,Mislinja
866,76,Mislinja
867,76,Mislinja
868,76,Mislinja
682,70,Maribor
683,70,Maribor
684,26,Duplek
685,26,Duplek
686,26,Duplek
2250,128,Tolmin
823,177,Ribnica na Pohorju
824,177,Ribnica na Pohorju
988,151,Braslovče
989,151,Braslovče
990,151,Braslovče
991,151,Braslovče
992,173,Polzela
993,173,Polzela
994,190,Žalec
995,190,Žalec
996,190,Žalec
997,190,Žalec
998,190,Žalec
999,190,Žalec
1000,190,Žalec
1001,190,Žalec
1002,190,Žalec
1003,190,Žalec
1004,174,Prebold
1005,174,Prebold
1006,174,Prebold
1007,151,Braslovče
869,175,Prevalje
870,175,Prevalje
871,103,Ravne na Koroškem
872,103,Ravne na Koroškem
873,175,Prevalje
874,175,Prevalje
875,175,Prevalje
876,175,Prevalje
877,175,Prevalje
878,103,Ravne na Koroškem
807,81,Muta
652,70,Maribor
653,70,Maribor
654,70,Maribor
655,70,Maribor
656,70,Maribor
645,70,Maribor
952,133,Velenje
953,133,Velenje
954,133,Velenje
955,133,Velenje
957,133,Velenje
958,126,Šoštanj
959,126,Šoštanj
960,126,Šoštanj
961,126,Šoštanj
2267,44,Kanal
733,113,Slovenska Bistrica
734,113,Slovenska Bistrica
735,113,Slovenska Bistrica
736,113,Slovenska Bistrica
737,113,Slovenska Bistrica
738,113,Slovenska Bistrica
739,113,Slovenska Bistrica
740,113,Slovenska Bistrica
667,167,Lovrenc na Pohorju
962,125,Šmartno ob Paki
857,112,Slovenj Gradec
858,112,Slovenj Gradec
859,112,Slovenj Gradec
860,112,Slovenj Gradec
861,112,Slovenj Gradec
2268,44,Kanal
1871,129,Trbovlje
1872,129,Trbovlje
1873,142,Zagorje ob Savi
825,25,Dravograd
826,25,Dravograd
827,25,Dravograd
828,25,Dravograd
829,25,Dravograd
802,93,Podvelka
862,112,Slovenj Gradec
863,76,Mislinja
687,26,Duplek
718,98,Rače - Fram
719,98,Rače - Fram
720,98,Rače - Fram
1008,151,Braslovče
1125,120,Šentjur
1126,120,Šentjur
1127,120,Šentjur
1128,120,Šentjur
1129,120,Šentjur
1130,120,Šentjur
1131,120,Šentjur
1132,120,Šentjur
1133,120,Šentjur
1134,120,Šentjur
646,70,Maribor
668,167,Lovrenc na Pohorju
669,167,Lovrenc na Pohorju
670,167,Lovrenc na Pohorju
671,167,Lovrenc na Pohorju
672,108,Ruše
673,108,Ruše
674,70,Maribor
675,70,Maribor
676,70,Maribor
677,70,Maribor
678,70,Maribor
679,70,Maribor
680,70,Maribor
681,70,Maribor
885,175,Prevalje
886,175,Prevalje
887,74,Mežica
888,74,Mežica
889,74,Mežica
890,74,Mežica
891,175,Prevalje
892,175,Prevalje
893,175,Prevalje
894,103,Ravne na Koroškem
688,26,Duplek
689,26,Duplek
808,81,Muta
809,81,Muta
963,126,Šoštanj
964,133,Velenje
965,133,Velenje
966,133,Velenje
880,103,Ravne na Koroškem
882,103,Ravne na Koroškem
2287,7,Brda
657,70,Maribor
741,113,Slovenska Bistrica
742,113,Slovenska Bistrica
743,113,Slovenska Bistrica
744,113,Slovenska Bistrica
895,103,Ravne na Koroškem
896,103,Ravne na Koroškem
897,103,Ravne na Koroškem
898,103,Ravne na Koroškem
899,16,Črna na Koroškem
900,16,Črna na Koroškem
901,74,Mežica
902,16,Črna na Koroškem
903,16,Črna na Koroškem
904,16,Črna na Koroškem
905,16,Črna na Koroškem
906,16,Črna na Koroškem
907,16,Črna na Koroškem
908,16,Črna na Koroškem
909,180,Solčava
910,180,Solčava
911,67,Luče
912,67,Luče
913,62,Ljubno
914,62,Ljubno
915,79,Mozirje
916,79,Mozirje
917,79,Mozirje
918,79,Mozirje
919,79,Mozirje
920,79,Mozirje
921,209,Rečica ob Savinji
1039,57,Laško
1040,57,Laško
1041,57,Laško
1042,57,Laško
848,112,Slovenj Gradec
849,112,Slovenj Gradec
850,112,Slovenj Gradec
851,112,Slovenj Gradec
852,112,Slovenj Gradec
883,103,Ravne na Koroškem
884,175,Prevalje
690,26,Duplek
691,26,Duplek
692,26,Duplek
755,113,Slovenska Bistrica
745,113,Slovenska Bistrica
746,113,Slovenska Bistrica
747,113,Slovenska Bistrica
748,113,Slovenska Bistrica
749,45,Kidričevo
750,113,Slovenska Bistrica
752,113,Slovenska Bistrica
753,113,Slovenska Bistrica
754,113,Slovenska Bistrica
830,25,Dravograd
831,25,Dravograd
832,25,Dravograd
833,25,Dravograd
834,25,Dravograd
835,25,Dravograd
853,112,Slovenj Gradec
854,112,Slovenj Gradec
855,112,Slovenj Gradec
856,112,Slovenj Gradec
693,169,Miklavž na Dravskem polju
694,160,Hoče - Slivnica
695,160,Hoče - Slivnica
696,160,Hoče - Slivnica
697,160,Hoče - Slivnica
698,160,Hoče - Slivnica
699,160,Hoče - Slivnica
700,160,Hoče - Slivnica
2124,52,Kranj
2125,117,Šenčur
2126,117,Šenčur
2127,52,Kranj
2128,52,Kranj
2574,35,Hrpelje - Kozina
836,25,Dravograd
763,171,Oplotnica
764,171,Oplotnica
765,113,Slovenska Bistrica
766,113,Slovenska Bistrica
767,113,Slovenska Bistrica
768,113,Slovenska Bistrica
1108,114,Slovenske Konjice
1109,114,Slovenske Konjice
1110,114,Slovenske Konjice
1111,114,Slovenske Konjice
1112,114,Slovenske Konjice
1113,114,Slovenske Konjice
1114,114,Slovenske Konjice
1115,114,Slovenske Konjice
1116,114,Slovenske Konjice
647,70,Maribor
837,25,Dravograd
1665,13,Cerknica
1117,114,Slovenske Konjice
1118,114,Slovenske Konjice
1119,114,Slovenske Konjice
1120,114,Slovenske Konjice
1121,114,Slovenske Konjice
1122,120,Šentjur
1123,120,Šentjur
1124,120,Šentjur
803,101,Radlje ob Dravi
804,101,Radlje ob Dravi
805,101,Radlje ob Dravi
922,209,Rečica ob Savinji
923,62,Ljubno
967,133,Velenje
1044,155,Dobrna
1045,155,Dobrna
1046,155,Dobrna
1047,139,Vojnik
1048,139,Vojnik
1049,139,Vojnik
658,70,Maribor
924,62,Ljubno
925,67,Luče
926,67,Luče
927,67,Luče
928,67,Luče
929,30,Gornji Grad
930,30,Gornji Grad
931,62,Ljubno
932,209,Rečica ob Savinji
933,209,Rečica ob Savinji
934,209,Rečica ob Savinji
935,209,Rečica ob Savinji
936,83,Nazarje
937,79,Mozirje
1009,184,Tabor
1010,189,Vransko
1011,189,Vransko
1012,189,Vransko
1013,189,Vransko
1014,189,Vransko
1015,189,Vransko
1016,184,Tabor
1017,184,Tabor
1018,174,Prebold
1019,174,Prebold
1020,190,Žalec
1021,190,Žalec
1022,57,Laško
1023,57,Laško
1024,57,Laško
1025,57,Laško
1026,57,Laško
1027,57,Laško
1028,57,Laško
1029,57,Laško
1030,57,Laško
1031,57,Laško
1032,57,Laško
1033,57,Laško
1034,57,Laško
1035,57,Laško
1036,57,Laško
1037,57,Laško
662,70,Maribor
665,108,Ruše
879,103,Ravne na Koroškem
701,160,Hoče - Slivnica
702,98,Rače - Fram
730,113,Slovenska Bistrica
731,113,Slovenska Bistrica
1310,9,Brežice
1376,110,Sevnica
1623,104,Ribnica
1624,104,Ribnica
1625,104,Ribnica
1341,54,Krško
1342,54,Krško
1343,54,Krško
1344,54,Krško
1604,48,Kočevje
1605,48,Kočevje
1606,48,Kočevje
1607,165,Kostel
1608,48,Kočevje
1609,165,Kostel
1610,165,Kostel
1103,144,Zreče
1104,144,Zreče
1105,114,Slovenske Konjice
1106,114,Slovenske Konjice
1107,114,Slovenske Konjice
1212,92,Podčetrtek
1603,48,Kočevje
1626,104,Ribnica
1627,104,Ribnica
1628,104,Ribnica
1629,104,Ribnica
1630,104,Ribnica
1631,104,Ribnica
1198,106,Rogaška Slatina
1199,124,Šmarje pri Jelšah
1200,124,Šmarje pri Jelšah
1611,165,Kostel
1493,85,Novo mesto
1351,54,Krško
1536,17,Črnomelj
1224,124,Šmarje pri Jelšah
1225,124,Šmarje pri Jelšah
1226,124,Šmarje pri Jelšah
1227,124,Šmarje pri Jelšah
1228,92,Podčetrtek
1229,92,Podčetrtek
1230,92,Podčetrtek
1231,92,Podčetrtek
1232,51,Kozje
1233,92,Podčetrtek
1234,51,Kozje
1235,51,Kozje
1236,51,Kozje
1237,51,Kozje
1238,51,Kozje
1239,51,Kozje
1240,92,Podčetrtek
1241,92,Podčetrtek
1242,51,Kozje
1243,51,Kozje
1244,51,Kozje
1245,51,Kozje
1246,149,Bistrica ob Sotli
1247,149,Bistrica ob Sotli
1248,149,Bistrica ob Sotli
1249,149,Bistrica ob Sotli
1250,149,Bistrica ob Sotli
1251,149,Bistrica ob Sotli
1252,9,Brežice
1253,9,Brežice
1254,9,Brežice
1255,9,Brežice
1161,120,Šentjur
1311,54,Krško
1312,54,Krško
1313,54,Krško
1079,11,Celje
1537,17,Črnomelj
1538,17,Črnomelj
1539,17,Črnomelj
1540,17,Črnomelj
1541,17,Črnomelj
1542,17,Črnomelj
1543,73,Metlika
1544,17,Črnomelj
1545,17,Črnomelj
1546,17,Črnomelj
1547,17,Črnomelj
1549,17,Črnomelj
1551,17,Črnomelj
1553,17,Črnomelj
1554,17,Črnomelj
1555,17,Črnomelj
1556,17,Črnomelj
1557,17,Črnomelj
1456,85,Novo mesto
1457,85,Novo mesto
1458,85,Novo mesto
1459,85,Novo mesto
1460,85,Novo mesto
1314,54,Krško
1315,54,Krško
1316,54,Krško
1317,54,Krško
1318,54,Krško
1319,54,Krško
1320,54,Krško
1321,54,Krško
1322,54,Krško
1323,54,Krško
1324,54,Krško
1325,54,Krško
1326,54,Krško
1327,54,Krško
1328,54,Krško
1329,54,Krško
1330,54,Krško
1331,197,Kostanjevica na Krki
1332,54,Krško
1333,54,Krško
1334,197,Kostanjevica na Krki
1335,197,Kostanjevica na Krki
1336,197,Kostanjevica na Krki
1337,54,Krško
1338,54,Krško
1339,54,Krško
1340,54,Krško
1291,9,Brežice
1292,9,Brežice
1293,9,Brežice
1294,9,Brežice
1295,9,Brežice
1296,9,Brežice
1297,9,Brežice
1298,9,Brežice
1345,54,Krško
1346,54,Krško
1520,109,Semič
1521,109,Semič
2680,61,Ljubljana
2681,61,Ljubljana
1587,88,Osilnica
1377,110,Sevnica
1378,110,Sevnica
1379,110,Sevnica
1380,110,Sevnica
1381,110,Sevnica
1382,110,Sevnica
1383,110,Sevnica
1384,110,Sevnica
1522,109,Semič
1523,109,Semič
1524,109,Semič
1525,109,Semič
1526,109,Semič
1527,109,Semič
1528,109,Semič
1529,109,Semič
1530,109,Semič
1213,106,Rogaška Slatina
761,171,Oplotnica
762,144,Zreče
1588,88,Osilnica
1080,11,Celje
1081,11,Celje
1082,11,Celje
1083,11,Celje
1084,127,Štore
1085,127,Štore
1086,127,Štore
1087,127,Štore
1088,144,Zreče
1352,54,Krško
1353,54,Krško
1354,54,Krško
1355,54,Krško
1356,54,Krško
1357,54,Krško
1358,54,Krško
1359,54,Krško
1360,54,Krško
1361,110,Sevnica
1362,110,Sevnica
1363,110,Sevnica
1364,110,Sevnica
1365,110,Sevnica
1366,110,Sevnica
1256,9,Brežice
1162,120,Šentjur
1163,120,Šentjur
1164,106,Rogaška Slatina
1165,106,Rogaška Slatina
1166,106,Rogaška Slatina
1167,106,Rogaška Slatina
1168,106,Rogaška Slatina
1169,106,Rogaška Slatina
1171,106,Rogaška Slatina
1172,106,Rogaška Slatina
1173,107,Rogatec
1174,107,Rogatec
1175,107,Rogatec
1176,107,Rogatec
1178,107,Rogatec
1180,106,Rogaška Slatina
1181,106,Rogaška Slatina
1182,106,Rogaška Slatina
1183,124,Šmarje pri Jelšah
1184,124,Šmarje pri Jelšah
1185,124,Šmarje pri Jelšah
1186,124,Šmarje pri Jelšah
1187,124,Šmarje pri Jelšah
1188,124,Šmarje pri Jelšah
1189,124,Šmarje pri Jelšah
1190,124,Šmarje pri Jelšah
1191,124,Šmarje pri Jelšah
1201,124,Šmarje pri Jelšah
1367,110,Sevnica
1151,154,Dobje
1152,154,Dobje
1153,120,Šentjur
1154,120,Šentjur
1155,120,Šentjur
1156,120,Šentjur
1157,51,Kozje
1158,120,Šentjur
1159,120,Šentjur
1160,120,Šentjur
1257,9,Brežice
1258,9,Brežice
1259,9,Brežice
1260,9,Brežice
1261,9,Brežice
1262,9,Brežice
1263,9,Brežice
1264,9,Brežice
1265,9,Brežice
1266,9,Brežice
1267,9,Brežice
1268,9,Brežice
1269,9,Brežice
1270,9,Brežice
1271,9,Brežice
1347,54,Krško
1558,17,Črnomelj
1050,139,Vojnik
1051,139,Vojnik
1052,139,Vojnik
1385,110,Sevnica
1386,110,Sevnica
1387,110,Sevnica
1388,110,Sevnica
1389,110,Sevnica
1390,110,Sevnica
1391,110,Sevnica
1392,110,Sevnica
1393,110,Sevnica
1394,121,Škocjan
1395,110,Sevnica
1396,110,Sevnica
1397,110,Sevnica
1398,211,Šentrupert
1399,211,Šentrupert
1400,211,Šentrupert
1401,211,Šentrupert
1402,212,Mirna
1403,130,Trebnje
1404,130,Trebnje
1405,130,Trebnje
1406,130,Trebnje
1407,130,Trebnje
1408,130,Trebnje
1409,212,Mirna
1410,212,Mirna
1411,199,Mokronog - Trebelno
1412,199,Mokronog - Trebelno
1413,199,Mokronog - Trebelno
1414,199,Mokronog - Trebelno
1415,199,Mokronog - Trebelno
1416,199,Mokronog - Trebelno
1417,199,Mokronog - Trebelno
1418,130,Trebnje
1419,130,Trebnje
1420,130,Trebnje
2679,61,Ljubljana
1089,144,Zreče
1513,73,Metlika
1514,73,Metlika
1515,73,Metlika
1214,106,Rogaška Slatina
1461,206,Šmarješke Toplice
1462,206,Šmarješke Toplice
1463,121,Škocjan
1464,121,Škocjan
1465,121,Škocjan
1466,206,Šmarješke Toplice
1467,206,Šmarješke Toplice
1468,206,Šmarješke Toplice
1469,121,Škocjan
1470,121,Škocjan
1471,121,Škocjan
1472,197,Kostanjevica na Krki
1473,119,Šentjernej
1474,119,Šentjernej
1475,119,Šentjernej
1476,119,Šentjernej
1477,119,Šentjernej
1478,85,Novo mesto
1479,85,Novo mesto
1480,85,Novo mesto
1481,85,Novo mesto
1482,85,Novo mesto
1483,85,Novo mesto
1484,85,Novo mesto
1485,85,Novo mesto
1486,85,Novo mesto
1487,85,Novo mesto
1488,85,Novo mesto
1489,85,Novo mesto
1490,85,Novo mesto
1491,85,Novo mesto
1492,85,Novo mesto
1421,130,Trebnje
1589,48,Kočevje
1590,48,Kočevje
1591,48,Kočevje
1592,48,Kočevje
1593,48,Kočevje
1594,48,Kočevje
1597,48,Kočevje
1598,48,Kočevje
1599,48,Kočevje
1600,48,Kočevje
1601,48,Kočevje
1602,48,Kočevje
1090,144,Zreče
1091,137,Vitanje
1092,137,Vitanje
1093,137,Vitanje
1094,137,Vitanje
1095,137,Vitanje
1096,137,Vitanje
1097,137,Vitanje
1098,144,Zreče
1099,144,Zreče
1100,144,Zreče
1202,124,Šmarje pri Jelšah
1203,124,Šmarje pri Jelšah
1204,120,Šentjur
1205,124,Šmarje pri Jelšah
1206,124,Šmarje pri Jelšah
1207,124,Šmarje pri Jelšah
1208,124,Šmarje pri Jelšah
1209,124,Šmarje pri Jelšah
1210,124,Šmarje pri Jelšah
1215,106,Rogaška Slatina
1216,92,Podčetrtek
1217,92,Podčetrtek
1368,110,Sevnica
1369,110,Sevnica
721,98,Rače - Fram
722,98,Rače - Fram
723,98,Rače - Fram
724,98,Rače - Fram
725,113,Slovenska Bistrica
726,113,Slovenska Bistrica
727,113,Slovenska Bistrica
728,113,Slovenska Bistrica
729,113,Slovenska Bistrica
756,113,Slovenska Bistrica
757,113,Slovenska Bistrica
758,171,Oplotnica
759,171,Oplotnica
760,171,Oplotnica
1192,106,Rogaška Slatina
1348,54,Krško
1349,54,Krško
1350,54,Krško
1494,203,Straža
1370,110,Sevnica
1371,110,Sevnica
1372,110,Sevnica
1373,110,Sevnica
1374,110,Sevnica
1559,17,Črnomelj
1560,17,Črnomelj
1561,17,Črnomelj
1562,17,Črnomelj
1563,17,Črnomelj
1516,73,Metlika
1517,73,Metlika
1518,73,Metlika
1519,73,Metlika
1272,9,Brežice
1273,9,Brežice
1274,9,Brežice
1275,9,Brežice
1276,9,Brežice
1277,9,Brežice
1278,9,Brežice
1279,9,Brežice
1280,9,Brežice
1281,9,Brežice
1282,9,Brežice
1283,9,Brežice
1495,157,Dolenjske Toplice
1496,157,Dolenjske Toplice
1497,157,Dolenjske Toplice
1498,157,Dolenjske Toplice
1499,85,Novo mesto
1500,85,Novo mesto
1501,85,Novo mesto
1502,73,Metlika
1503,73,Metlika
1504,73,Metlika
1505,73,Metlika
1506,73,Metlika
1507,73,Metlika
1508,73,Metlika
1509,73,Metlika
1510,73,Metlika
1511,73,Metlika
1512,73,Metlika
1564,17,Črnomelj
1566,17,Črnomelj
1567,20,Dobrepolje
1568,20,Dobrepolje
1569,48,Kočevje
1570,48,Kočevje
1571,48,Kočevje
1572,48,Kočevje
1573,48,Kočevje
1574,48,Kočevje
1575,48,Kočevje
1576,48,Kočevje
1577,48,Kočevje
2673,9,Brežice
2674,70,Maribor
2675,17,Črnomelj
2676,17,Črnomelj
1612,165,Kostel
1141,120,Šentjur
1142,120,Šentjur
1143,120,Šentjur
1144,120,Šentjur
1145,120,Šentjur
1146,120,Šentjur
1147,120,Šentjur
1148,120,Šentjur
1149,120,Šentjur
1150,120,Šentjur
1284,9,Brežice
1422,130,Trebnje
1423,130,Trebnje
1424,130,Trebnje
1425,130,Trebnje
1426,130,Trebnje
1427,130,Trebnje
1428,130,Trebnje
1429,130,Trebnje
1430,130,Trebnje
1431,130,Trebnje
1432,130,Trebnje
1433,130,Trebnje
1434,193,Žužemberk
1435,193,Žužemberk
1436,193,Žužemberk
1437,193,Žužemberk
1438,193,Žužemberk
1439,193,Žužemberk
1440,193,Žužemberk
1441,193,Žužemberk
1442,193,Žužemberk
1443,193,Žužemberk
1444,193,Žužemberk
1445,193,Žužemberk
1446,157,Dolenjske Toplice
1447,203,Straža
1448,203,Straža
1449,170,Mirna Peč
1450,170,Mirna Peč
1451,170,Mirna Peč
1452,170,Mirna Peč
1453,85,Novo mesto
1454,85,Novo mesto
1101,144,Zreče
1102,144,Zreče
2677,61,Ljubljana
595,55,Kungota
596,55,Kungota
597,55,Kungota
2678,61,Ljubljana
1193,106,Rogaška Slatina
1194,106,Rogaška Slatina
1195,106,Rogaška Slatina
1211,124,Šmarje pri Jelšah
1218,92,Podčetrtek
1219,92,Podčetrtek
1220,92,Podčetrtek
1221,124,Šmarje pri Jelšah
1222,124,Šmarje pri Jelšah
1223,124,Šmarje pri Jelšah
1613,165,Kostel
1614,104,Ribnica
1615,104,Ribnica
1616,104,Ribnica
1617,104,Ribnica
1618,179,Sodražica
1619,179,Sodražica
1620,179,Sodražica
1621,179,Sodražica
1622,179,Sodražica
1196,106,Rogaška Slatina
1285,9,Brežice
1286,9,Brežice
1531,109,Semič
1532,109,Semič
1533,109,Semič
1534,17,Črnomelj
1535,17,Črnomelj
1375,110,Sevnica
1455,85,Novo mesto
1578,48,Kočevje
1579,48,Kočevje
1580,48,Kočevje
1581,48,Kočevje
1582,48,Kočevje
1583,48,Kočevje
1197,106,Rogaška Slatina
1287,9,Brežice
1288,9,Brežice
1289,9,Brežice
1290,9,Brežice
2672,120,Šentjur
1584,66,Loški Potok
1585,66,Loški Potok
1586,88,Osilnica
1299,9,Brežice
1300,9,Brežice
1301,9,Brežice
1302,9,Brežice
1303,9,Brežice
1304,9,Brežice
1305,9,Brežice
1306,9,Brežice
1307,9,Brežice
1308,9,Brežice
1309,9,Brežice
2346,14,Cerkno
2645,76,Mislinja
2646,76,Mislinja
1179,106,Rogaška Slatina
1737,61,Ljubljana
1738,61,Ljubljana
1739,61,Ljubljana
1740,61,Ljubljana
1741,138,Vodice
1742,138,Vodice
1743,138,Vodice
1744,138,Vodice
2695,52,Kranj
2696,36,Idrija
2697,128,Tolmin
2698,128,Tolmin
2699,128,Tolmin
2700,13,Cerknica
2700,13,Cerknica
2707,142,Zagorje ob Savi
2712,70,Maribor
2648,102,Radovljica
2649,142,Zagorje ob Savi
1745,138,Vodice
2664,84,Nova Gorica
2111,12,Cerklje na Gorenjskem
2112,12,Cerklje na Gorenjskem
2113,12,Cerklje na Gorenjskem
2114,12,Cerklje na Gorenjskem
2533,38,Ilirska Bistrica
2534,38,Ilirska Bistrica
2535,38,Ilirska Bistrica
1762,22,Dol pri Ljubljani
2527,38,Ilirska Bistrica
2528,38,Ilirska Bistrica
2529,38,Ilirska Bistrica
2530,38,Ilirska Bistrica
2531,38,Ilirska Bistrica
1761,22,Dol pri Ljubljani
2315,183,Šempeter - Vrtojba
2316,183,Šempeter - Vrtojba
2318,75,Miren - Kostanjevica
2319,201,Renče - Vogrsko
2320,84,Nova Gorica
2321,84,Nova Gorica
2322,201,Renče - Vogrsko
2323,75,Miren - Kostanjevica
2684,123,Škofljica
2647,120,Šentjur
2086,52,Kranj
2087,52,Kranj
2088,52,Kranj
2089,52,Kranj
2090,52,Kranj
2091,82,Naklo
2092,82,Naklo
2093,82,Naklo
2094,82,Naklo
2095,82,Naklo
2096,82,Naklo
2689,129,Trbovlje
1170,106,Rogaška Slatina
2350,14,Cerkno
2052,27,Gorenja vas - Poljane
1957,23,Domžale
2341,14,Cerkno
2342,14,Cerkno
2343,14,Cerkno
2344,14,Cerkno
2345,14,Cerkno
2538,38,Ilirska Bistrica
2539,38,Ilirska Bistrica
2540,38,Ilirska Bistrica
2541,38,Ilirska Bistrica
2542,38,Ilirska Bistrica
2543,38,Ilirska Bistrica
2544,38,Ilirska Bistrica
2545,38,Ilirska Bistrica
2546,38,Ilirska Bistrica
2708,60,Litija
2708,142,Zagorje ob Savi
2709,65,Loška dolina
2115,12,Cerklje na Gorenjskem
2140,52,Kranj
2141,131,Tržič
2142,131,Tržič
2143,131,Tržič
1550,17,Črnomelj
1548,17,Črnomelj
2652,127,Štore
2653,23,Domžale
2654,194,Šmartno pri Litiji
2655,194,Šmartno pri Litiji
1746,61,Ljubljana
1747,138,Vodice
1748,138,Vodice
1749,61,Ljubljana
2701,49,Komen
2116,12,Cerklje na Gorenjskem
2117,12,Cerklje na Gorenjskem
2118,12,Cerklje na Gorenjskem
2119,117,Šenčur
2120,52,Kranj
2121,52,Kranj
2122,52,Kranj
2467,19,Divača
2468,19,Divača
2469,94,Postojna
2470,94,Postojna
2471,94,Postojna
2031,122,Škofja Loka
2032,122,Škofja Loka
2033,122,Škofja Loka
1750,61,Ljubljana
1751,61,Ljubljana
1752,61,Ljubljana
1753,61,Ljubljana
1754,61,Ljubljana
1755,61,Ljubljana
1756,61,Ljubljana
1757,61,Ljubljana
1758,23,Domžale
1759,61,Ljubljana
2299,84,Nova Gorica
2300,84,Nova Gorica
2665,118,Šentilj
2324,75,Miren - Kostanjevica
2325,75,Miren - Kostanjevica
2457,111,Sežana
1769,22,Dol pri Ljubljani
1770,61,Ljubljana
1771,61,Ljubljana
1772,61,Ljubljana
1773,61,Ljubljana
1774,61,Ljubljana
1775,61,Ljubljana
1776,61,Ljubljana
1777,61,Ljubljana
1778,61,Ljubljana
1779,61,Ljubljana
1780,32,Grosuplje
1781,32,Grosuplje
2228,46,Kobarid
2229,46,Kobarid
2230,46,Kobarid
2231,128,Tolmin
2332,75,Miren - Kostanjevica
2333,75,Miren - Kostanjevica
2334,75,Miren - Kostanjevica
2335,84,Nova Gorica
2336,84,Nova Gorica
2337,14,Cerkno
1764,22,Dol pri Ljubljani
1765,22,Dol pri Ljubljani
1766,22,Dol pri Ljubljani
1767,22,Dol pri Ljubljani
1768,22,Dol pri Ljubljani
1731,61,Ljubljana
2690,129,Trbovlje
2338,14,Cerkno
2339,14,Cerkno
2340,14,Cerkno
2537,38,Ilirska Bistrica
2710,13,Cerknica
2034,122,Škofja Loka
2035,122,Škofja Loka
2036,122,Škofja Loka
2037,27,Gorenja vas - Poljane
2038,27,Gorenja vas - Poljane
2039,27,Gorenja vas - Poljane
2040,27,Gorenja vas - Poljane
2041,122,Škofja Loka
2042,122,Škofja Loka
2043,122,Škofja Loka
2044,122,Škofja Loka
2656,60,Litija
2657,60,Litija
2658,51,Kozje
2659,124,Šmarje pri Jelšah
2660,124,Šmarje pri Jelšah
2702,49,Komen
2703,64,Logatec
2704,91,Pivka
2705,65,Loška dolina
2666,58,Lenart
2667,178,Selnica ob Dravi
2472,94,Postojna
2473,94,Postojna
2474,94,Postojna
2475,94,Postojna
2476,94,Postojna
2477,94,Postojna
2478,94,Postojna
2479,94,Postojna
2180,192,Žirovnica
2181,192,Žirovnica
2182,192,Žirovnica
2183,3,Bled
2184,207,Gorje
2185,207,Gorje
2186,207,Gorje
2187,207,Gorje
2188,207,Gorje
2189,3,Bled
2190,3,Bled
2191,3,Bled
2192,3,Bled
2193,3,Bled
2194,3,Bled
2195,4,Bohinj
2196,4,Bohinj
2197,4,Bohinj
2198,4,Bohinj
2199,4,Bohinj
2200,4,Bohinj
2201,4,Bohinj
2202,4,Bohinj
2203,6,Bovec
2204,6,Bovec
2205,6,Bovec
2206,6,Bovec
2207,6,Bovec
2208,6,Bovec
2209,6,Bovec
2210,6,Bovec
2211,6,Bovec
2458,111,Sežana
2459,111,Sežana
2460,19,Divača
2661,113,Slovenska Bistrica
2661,113,Slovenska Bistrica
2668,43,Kamnik
2669,133,Velenje
2670,154,Dobje
2326,75,Miren - Kostanjevica
2327,75,Miren - Kostanjevica
2328,75,Miren - Kostanjevica
2329,75,Miren - Kostanjevica
2330,75,Miren - Kostanjevica
2465,19,Divača
2466,19,Divača
1994,21,Dobrova - Polhov Gradec
1995,21,Dobrova - Polhov Gradec
1996,208,Log - Dragomer
1997,140,Vrhnika
1998,140,Vrhnika
2301,84,Nova Gorica
2232,128,Tolmin
2247,128,Tolmin
1763,22,Dol pri Ljubljani
2179,41,Jesenice
2331,75,Miren - Kostanjevica
2248,128,Tolmin
2249,128,Tolmin
2644,53,Kranjska Gora
2480,94,Postojna
2461,19,Divača
1729,61,Ljubljana
1730,61,Ljubljana
2691,43,Kamnik
2692,140,Vrhnika
2693,64,Logatec
2706,61,Ljubljana
2481,94,Postojna
2482,94,Postojna
2483,94,Postojna
2484,94,Postojna
2485,94,Postojna
2486,94,Postojna
2487,94,Postojna
2488,94,Postojna
2489,94,Postojna
2490,94,Postojna
2491,94,Postojna
2492,94,Postojna
2493,91,Pivka
2494,91,Pivka
2495,91,Pivka
2496,91,Pivka
2497,91,Pivka
2498,91,Pivka
2499,91,Pivka
2500,91,Pivka
2501,91,Pivka
2502,91,Pivka
2503,91,Pivka
2504,91,Pivka
2505,91,Pivka
2506,91,Pivka
2507,91,Pivka
2508,38,Ilirska Bistrica
2509,38,Ilirska Bistrica
2510,38,Ilirska Bistrica
2511,38,Ilirska Bistrica
2512,38,Ilirska Bistrica
2212,6,Bovec
2213,6,Bovec
2214,46,Kobarid
1999,140,Vrhnika
2000,140,Vrhnika
2001,140,Vrhnika
2002,140,Vrhnika
2003,140,Vrhnika
2004,140,Vrhnika
2005,5,Borovnica
2006,5,Borovnica
2007,64,Logatec
2008,64,Logatec
2009,64,Logatec
2010,64,Logatec
2011,64,Logatec
2012,64,Logatec
2013,64,Logatec
2014,64,Logatec
2015,64,Logatec
2016,64,Logatec
2017,64,Logatec
2018,64,Logatec
2019,64,Logatec
2020,147,Žiri
2021,147,Žiri
2022,147,Žiri
2023,147,Žiri
2024,147,Žiri
2025,147,Žiri
2026,122,Škofja Loka
2027,122,Škofja Loka
2028,122,Škofja Loka
2029,122,Škofja Loka
2030,122,Škofja Loka
2662,110,Sevnica
2663,84,Nova Gorica
2302,84,Nova Gorica
2303,84,Nova Gorica
2304,84,Nova Gorica
2306,84,Nova Gorica
2307,84,Nova Gorica
2308,84,Nova Gorica
2309,84,Nova Gorica
2310,84,Nova Gorica
2311,84,Nova Gorica
2312,84,Nova Gorica
2313,84,Nova Gorica
2314,201,Renče - Vogrsko
2513,38,Ilirska Bistrica
2514,38,Ilirska Bistrica
2515,38,Ilirska Bistrica
2516,38,Ilirska Bistrica
2517,38,Ilirska Bistrica
2518,38,Ilirska Bistrica
2519,38,Ilirska Bistrica
2520,38,Ilirska Bistrica
2521,38,Ilirska Bistrica
2522,38,Ilirska Bistrica
2523,38,Ilirska Bistrica
2524,38,Ilirska Bistrica
2525,38,Ilirska Bistrica
2526,38,Ilirska Bistrica
2671,120,Šentjur
2532,38,Ilirska Bistrica
2682,61,Ljubljana
2688,34,Hrastnik
2243,128,Tolmin
2244,128,Tolmin
2245,128,Tolmin
2246,128,Tolmin
1760,22,Dol pri Ljubljani
2683,61,Ljubljana
2714,142,Zagorje ob Savi
2715,40,Izola/Isola
751,113,Slovenska Bistrica
2107,117,Šenčur
971,125,Šmartno ob Paki
984,151,Braslovče
1946,23,Domžale
1933,68,Lukovica
1947,68,Lukovica
1944,68,Lukovica
1565,17,Črnomelj
1552,17,Črnomelj
1596,48,Kočevje
1595,48,Kočevje
1962,23,Domžale
1938,72,Mengeš
1909,43,Kamnik
1910,43,Kamnik
1911,43,Kamnik
1912,43,Kamnik
1913,43,Kamnik
1914,43,Kamnik
1915,43,Kamnik
2445,19,Divača
2446,19,Divača
2447,19,Divača
2448,19,Divača
2449,19,Divača
2450,19,Divača
2451,19,Divača
2452,19,Divača
2453,111,Sežana
2454,111,Sežana
2455,111,Sežana
2456,111,Sežana
2456,111,Sežana
2456,111,Sežana
2138,52,Kranj
2358,36,Idrija
2123,52,Kranj
1961,186,Trzin
1963,23,Domžale
1964,23,Domžale
1965,23,Domžale
1966,23,Domžale
1967,71,Medvode
1968,71,Medvode
1969,138,Vodice
1970,71,Medvode
1813,39,Ivančna Gorica
1814,39,Ivančna Gorica
1815,39,Ivančna Gorica
1816,39,Ivančna Gorica
1817,39,Ivančna Gorica
1818,39,Ivančna Gorica
1819,39,Ivančna Gorica
1820,39,Ivančna Gorica
1821,39,Ivančna Gorica
1822,39,Ivančna Gorica
2256,128,Tolmin
2374,1,Ajdovščina
2375,1,Ajdovščina
2573,35,Hrpelje - Kozina
1823,39,Ivančna Gorica
1824,39,Ivančna Gorica
1825,39,Ivančna Gorica
1826,39,Ivančna Gorica
1827,39,Ivančna Gorica
1828,39,Ivančna Gorica
1829,39,Ivančna Gorica
1830,39,Ivančna Gorica
1831,39,Ivančna Gorica
1832,60,Litija
1889,142,Zagorje ob Savi
1890,43,Kamnik
1891,43,Kamnik
1892,43,Kamnik
1893,43,Kamnik
1894,43,Kamnik
2269,44,Kanal
1930,68,Lukovica
1931,68,Lukovica
1932,68,Lukovica
1934,68,Lukovica
1935,23,Domžale
1936,23,Domžale
1937,23,Domžale
1939,72,Mengeš
2422,111,Sežana
2550,38,Ilirska Bistrica
2551,38,Ilirska Bistrica
2552,38,Ilirska Bistrica
2368,36,Idrija
1916,43,Kamnik
1917,43,Kamnik
1918,43,Kamnik
1919,43,Kamnik
1920,43,Kamnik
1921,43,Kamnik
1922,43,Kamnik
1923,43,Kamnik
1924,68,Lukovica
2410,49,Komen
2411,49,Komen
2412,49,Komen
1974,71,Medvode
1975,71,Medvode
1976,71,Medvode
1633,13,Cerknica
1634,65,Loška dolina
1635,65,Loška dolina
1636,65,Loška dolina
1637,65,Loška dolina
1638,65,Loška dolina
1639,65,Loška dolina
1640,66,Loški Potok
1641,66,Loški Potok
1642,66,Loški Potok
1643,65,Loška dolina
1644,65,Loška dolina
1645,65,Loška dolina
1646,65,Loška dolina
1647,65,Loška dolina
1648,65,Loška dolina
1649,65,Loška dolina
1650,65,Loška dolina
1651,65,Loška dolina
1652,8,Brezovica
2423,49,Komen
2711,108,Ruše
1977,71,Medvode
2444,19,Divača
2443,19,Divača
2257,128,Tolmin
2258,128,Tolmin
2259,128,Tolmin
2260,128,Tolmin
2261,128,Tolmin
2262,44,Kanal
2263,44,Kanal
2264,44,Kanal
2265,44,Kanal
2266,44,Kanal
1973,71,Medvode
2713,70,Maribor
2218,46,Kobarid
2219,46,Kobarid
2220,46,Kobarid
2221,46,Kobarid
2222,46,Kobarid
2223,46,Kobarid
2224,46,Kobarid
2225,46,Kobarid
2226,46,Kobarid
2227,46,Kobarid
2347,14,Cerkno
1833,60,Litija
1834,60,Litija
1835,60,Litija
1836,60,Litija
1837,60,Litija
1838,60,Litija
1839,194,Šmartno pri Litiji
1840,60,Litija
1841,60,Litija
1842,60,Litija
1843,60,Litija
1844,60,Litija
1845,60,Litija
1846,194,Šmartno pri Litiji
1847,194,Šmartno pri Litiji
1848,194,Šmartno pri Litiji
1849,194,Šmartno pri Litiji
1850,194,Šmartno pri Litiji
1851,194,Šmartno pri Litiji
1852,194,Šmartno pri Litiji
1853,60,Litija
1854,60,Litija
1855,34,Hrastnik
1856,34,Hrastnik
1857,34,Hrastnik
1858,34,Hrastnik
1859,34,Hrastnik
2359,36,Idrija
2360,36,Idrija
2361,36,Idrija
2362,36,Idrija
2363,36,Idrija
2364,36,Idrija
2365,36,Idrija
2366,36,Idrija
2367,36,Idrija
2536,38,Ilirska Bistrica
2685,34,Hrastnik
2369,36,Idrija
2370,1,Ajdovščina
2371,1,Ajdovščina
2372,1,Ajdovščina
2373,1,Ajdovščina
2270,44,Kanal
2271,44,Kanal
2272,44,Kanal
2376,1,Ajdovščina
2377,136,Vipava
2378,136,Vipava
2379,1,Ajdovščina
2380,1,Ajdovščina
2381,1,Ajdovščina
2382,1,Ajdovščina
2383,1,Ajdovščina
2384,1,Ajdovščina
2385,1,Ajdovščina
2386,1,Ajdovščina
2387,1,Ajdovščina
2388,1,Ajdovščina
2389,1,Ajdovščina
2390,1,Ajdovščina
2391,1,Ajdovščina
2392,1,Ajdovščina
2393,1,Ajdovščina
2394,1,Ajdovščina
2395,1,Ajdovščina
2396,1,Ajdovščina
2397,1,Ajdovščina
2398,136,Vipava
2399,1,Ajdovščina
2400,136,Vipava
2401,136,Vipava
2402,136,Vipava
2403,136,Vipava
2404,136,Vipava
2405,136,Vipava
2406,136,Vipava
2407,136,Vipava
2408,49,Komen
2409,49,Komen
2233,128,Tolmin
2413,49,Komen
2414,49,Komen
2415,49,Komen
1653,13,Cerknica
2424,49,Komen
2425,49,Komen
1733,61,Ljubljana
1734,61,Ljubljana
1735,61,Ljubljana
1736,61,Ljubljana
2234,128,Tolmin
2235,128,Tolmin
2236,128,Tolmin
2237,128,Tolmin
2238,128,Tolmin
2239,128,Tolmin
2240,128,Tolmin
2241,128,Tolmin
2242,128,Tolmin
2433,111,Sežana
2433,111,Sežana
2433,111,Sežana
2434,111,Sežana
2435,111,Sežana
2436,111,Sežana
2437,111,Sežana
2438,111,Sežana
2439,111,Sežana
2440,111,Sežana
2441,19,Divača
2442,111,Sežana
2348,14,Cerkno
2349,14,Cerkno
1972,71,Medvode
1860,57,Laško
1861,110,Sevnica
1862,99,Radeče
1863,34,Hrastnik
1864,99,Radeče
2426,111,Sežana
1971,71,Medvode
2651,57,Laško
2351,36,Idrija
2352,36,Idrija
2353,36,Idrija
2354,36,Idrija
2355,36,Idrija
2356,36,Idrija
2357,36,Idrija
2579,38,Ilirska Bistrica
2580,38,Ilirska Bistrica
2581,35,Hrpelje - Kozina
2582,35,Hrpelje - Kozina
2583,50,Koper/Capodistria
2584,50,Koper/Capodistria
2585,50,Koper/Capodistria
2589,50,Koper/Capodistria
2590,50,Koper/Capodistria
2592,50,Koper/Capodistria
2593,213,Ankaran/Ancarano
2594,213,Ankaran/Ancarano
2595,50,Koper/Capodistria
2596,50,Koper/Capodistria
2597,50,Koper/Capodistria
2598,50,Koper/Capodistria
2599,50,Koper/Capodistria
2600,50,Koper/Capodistria
2601,50,Koper/Capodistria
2602,50,Koper/Capodistria
2603,50,Koper/Capodistria
2604,50,Koper/Capodistria
2605,50,Koper/Capodistria
2606,50,Koper/Capodistria
2607,50,Koper/Capodistria
2608,50,Koper/Capodistria
2609,50,Koper/Capodistria
2610,50,Koper/Capodistria
1865,99,Radeče
1866,99,Radeče
1867,99,Radeče
1868,129,Trbovlje
1869,129,Trbovlje
1895,43,Kamnik
2547,38,Ilirska Bistrica
2686,99,Radeče
2687,34,Hrastnik
2575,35,Hrpelje - Kozina
1896,43,Kamnik
1897,43,Kamnik
1898,43,Kamnik
1899,43,Kamnik
1900,43,Kamnik
1654,13,Cerknica
1655,13,Cerknica
1656,13,Cerknica
1657,13,Cerknica
1658,13,Cerknica
1659,13,Cerknica
1660,13,Cerknica
1661,13,Cerknica
1662,13,Cerknica
1663,13,Cerknica
1664,13,Cerknica
2638,41,Jesenice
2639,11,Celje
2640,34,Hrastnik
2641,142,Zagorje ob Savi
2650,57,Laško
2416,49,Komen
2417,49,Komen
2418,49,Komen
2419,49,Komen
2420,111,Sežana
2421,111,Sežana
2553,35,Hrpelje - Kozina
2554,35,Hrpelje - Kozina
2555,35,Hrpelje - Kozina
2557,35,Hrpelje - Kozina
2139,52,Kranj
2427,111,Sežana
2428,111,Sežana
2428,111,Sežana
2429,111,Sežana
2430,111,Sežana
2431,111,Sežana
2432,111,Sežana
2133,122,Škofja Loka
2134,52,Kranj
2135,52,Kranj
2215,46,Kobarid
2216,46,Kobarid
2217,46,Kobarid
2558,35,Hrpelje - Kozina
1689,150,Bloke
1690,150,Bloke
1691,150,Bloke
1692,150,Bloke
1693,150,Bloke
1694,150,Bloke
1695,61,Ljubljana
1870,129,Trbovlje
1901,164,Komenda
1902,164,Komenda
1903,164,Komenda
1904,164,Komenda
2136,52,Kranj
2137,52,Kranj
2288,7,Brda
2289,7,Brda
2290,7,Brda
2291,7,Brda
2292,84,Nova Gorica
2293,84,Nova Gorica
2294,84,Nova Gorica
2295,84,Nova Gorica
2296,84,Nova Gorica
2297,84,Nova Gorica
2298,84,Nova Gorica
1666,13,Cerknica
1667,150,Bloke
1668,150,Bloke
1669,13,Cerknica
1670,13,Cerknica
1671,150,Bloke
1672,150,Bloke
1673,150,Bloke
1674,150,Bloke
1675,13,Cerknica
1676,13,Cerknica
1677,13,Cerknica
1678,13,Cerknica
1679,13,Cerknica
1680,13,Cerknica
1681,13,Cerknica
1682,150,Bloke
1683,150,Bloke
1684,150,Bloke
1685,150,Bloke
1686,150,Bloke
1687,150,Bloke
1688,150,Bloke
1940,72,Mengeš
1943,23,Domžale
1696,123,Škofljica
1697,123,Škofljica
2611,50,Koper/Capodistria
2612,50,Koper/Capodistria
2613,50,Koper/Capodistria
2614,50,Koper/Capodistria
2615,50,Koper/Capodistria
2616,50,Koper/Capodistria
2617,50,Koper/Capodistria
2618,50,Koper/Capodistria
2619,50,Koper/Capodistria
2620,50,Koper/Capodistria
2621,50,Koper/Capodistria
2622,50,Koper/Capodistria
2623,50,Koper/Capodistria
2624,50,Koper/Capodistria
2625,50,Koper/Capodistria
2626,40,Izola/Isola
2628,40,Izola/Isola
2629,40,Izola/Isola
2630,90,Piran/Pirano
2631,90,Piran/Pirano
2632,90,Piran/Pirano
2633,90,Piran/Pirano
2634,90,Piran/Pirano
2635,106,Rogaška Slatina
2636,61,Ljubljana
2637,41,Jesenice
1905,164,Komenda
1906,164,Komenda
1907,164,Komenda
1908,43,Kamnik
1925,68,Lukovica
2548,38,Ilirska Bistrica
2549,38,Ilirska Bistrica
1945,23,Domžale
1948,77,Moravče
1949,77,Moravče
1950,77,Moravče
1951,77,Moravče
1952,77,Moravče
1953,77,Moravče
1954,77,Moravče
1955,77,Moravče
1956,77,Moravče
1958,23,Domžale
1959,23,Domžale
2251,128,Tolmin
2252,128,Tolmin
2253,128,Tolmin
2254,128,Tolmin
2255,128,Tolmin
1782,32,Grosuplje
1783,32,Grosuplje
1784,32,Grosuplje
1785,32,Grosuplje
1786,32,Grosuplje
1787,32,Grosuplje
1788,32,Grosuplje
1789,32,Grosuplje
1790,32,Grosuplje
1791,32,Grosuplje
1792,32,Grosuplje
1793,32,Grosuplje
1794,32,Grosuplje
1795,32,Grosuplje
1796,20,Dobrepolje
1797,20,Dobrepolje
1798,20,Dobrepolje
1799,20,Dobrepolje
1800,20,Dobrepolje
2576,35,Hrpelje - Kozina
2577,38,Ilirska Bistrica
2578,38,Ilirska Bistrica
2559,35,Hrpelje - Kozina
1926,68,Lukovica
1927,68,Lukovica
1928,68,Lukovica
1929,68,Lukovica
2642,32,Grosuplje
2643,166,Križevci
2273,44,Kanal
2274,44,Kanal
2275,44,Kanal
2276,44,Kanal
2277,7,Brda
2278,7,Brda
2279,7,Brda
2280,7,Brda
2281,7,Brda
2282,7,Brda
2283,7,Brda
2284,7,Brda
2285,7,Brda
1801,20,Dobrepolje
1802,39,Ivančna Gorica
1803,39,Ivančna Gorica
1804,39,Ivančna Gorica
1805,39,Ivančna Gorica
1806,39,Ivančna Gorica
1807,39,Ivančna Gorica
1808,39,Ivančna Gorica
1809,39,Ivančna Gorica
1810,39,Ivančna Gorica
1811,39,Ivančna Gorica
1812,39,Ivančna Gorica
1874,142,Zagorje ob Savi
1875,142,Zagorje ob Savi
1876,142,Zagorje ob Savi
2560,35,Hrpelje - Kozina
2561,35,Hrpelje - Kozina
2562,35,Hrpelje - Kozina
2563,35,Hrpelje - Kozina
2564,38,Ilirska Bistrica
2565,38,Ilirska Bistrica
2566,38,Ilirska Bistrica
2567,38,Ilirska Bistrica
2568,38,Ilirska Bistrica
2569,35,Hrpelje - Kozina
2570,35,Hrpelje - Kozina
2571,35,Hrpelje - Kozina
2572,35,Hrpelje - Kozina
1632,13,Cerknica
2129,52,Kranj
2130,52,Kranj
2131,52,Kranj
2132,52,Kranj
2286,7,Brda
1877,129,Trbovlje
1878,129,Trbovlje
1879,142,Zagorje ob Savi
1880,142,Zagorje ob Savi
1881,142,Zagorje ob Savi
1882,142,Zagorje ob Savi
1883,142,Zagorje ob Savi
1884,142,Zagorje ob Savi
1885,142,Zagorje ob Savi
1886,142,Zagorje ob Savi
1887,142,Zagorje ob Savi
1888,60,Litija
1888,60,Litija
1721,61,Ljubljana
1722,61,Ljubljana
1723,61,Ljubljana
1724,8,Brezovica
1725,61,Ljubljana
2106,117,Šenčur
2108,12,Cerklje na Gorenjskem
2109,12,Cerklje na Gorenjskem
2110,12,Cerklje na Gorenjskem
1726,61,Ljubljana
2045,122,Škofja Loka
2046,27,Gorenja vas - Poljane
2047,27,Gorenja vas - Poljane
2048,27,Gorenja vas - Poljane
2049,27,Gorenja vas - Poljane
2050,27,Gorenja vas - Poljane
2051,27,Gorenja vas - Poljane
2053,27,Gorenja vas - Poljane
2054,147,Žiri
2055,27,Gorenja vas - Poljane
2056,27,Gorenja vas - Poljane
2057,27,Gorenja vas - Poljane
2058,27,Gorenja vas - Poljane
2059,27,Gorenja vas - Poljane
2060,146,Železniki
2061,146,Železniki
2062,146,Železniki
2063,146,Železniki
2064,146,Železniki
2065,122,Škofja Loka
2066,146,Železniki
2067,122,Škofja Loka
2068,122,Škofja Loka
2069,122,Škofja Loka
2070,146,Železniki
2071,146,Železniki
2072,146,Železniki
2073,146,Železniki
2074,146,Železniki
2075,146,Železniki
2076,163,Jezersko
2077,163,Jezersko
2078,95,Preddvor
2079,12,Cerklje na Gorenjskem
2080,12,Cerklje na Gorenjskem
2081,117,Šenčur
2082,95,Preddvor
2462,19,Divača
2463,19,Divača
2173,41,Jesenice
2174,41,Jesenice
2175,41,Jesenice
2176,41,Jesenice
1698,123,Škofljica
2177,41,Jesenice
2178,41,Jesenice
1727,61,Ljubljana
2097,82,Naklo
2464,19,Divača
1699,37,Ig
1700,37,Ig
1701,37,Ig
1702,37,Ig
1703,8,Brezovica
1704,8,Brezovica
1705,8,Brezovica
1706,37,Ig
1707,37,Ig
1708,37,Ig
1709,123,Škofljica
1710,123,Škofljica
1711,134,Velike Lašče
1712,37,Ig
1713,134,Velike Lašče
1714,134,Velike Lašče
1715,134,Velike Lašče
1716,134,Velike Lašče
1717,134,Velike Lašče
1718,134,Velike Lašče
1719,134,Velike Lašče
1978,71,Medvode
1979,71,Medvode
1980,71,Medvode
1981,71,Medvode
1982,21,Dobrova - Polhov Gradec
1983,21,Dobrova - Polhov Gradec
1984,21,Dobrova - Polhov Gradec
1985,21,Dobrova - Polhov Gradec
1986,21,Dobrova - Polhov Gradec
1987,21,Dobrova - Polhov Gradec
1988,21,Dobrova - Polhov Gradec
1989,21,Dobrova - Polhov Gradec
1990,162,Horjul
1991,162,Horjul
1992,162,Horjul
1993,162,Horjul
1728,61,Ljubljana
2083,95,Preddvor
2084,95,Preddvor
2085,52,Kranj
2144,131,Tržič
2145,131,Tržič
2146,131,Tržič
2147,131,Tržič
2148,131,Tržič
2149,131,Tržič
2150,131,Tržič
2151,102,Radovljica
2152,102,Radovljica
2153,102,Radovljica
2154,102,Radovljica
2155,102,Radovljica
2156,102,Radovljica
2157,102,Radovljica
2158,102,Radovljica
2159,102,Radovljica
2160,102,Radovljica
2161,102,Radovljica
2162,102,Radovljica
2163,102,Radovljica
2164,102,Radovljica
2165,102,Radovljica
2166,102,Radovljica
2167,53,Kranjska Gora
2168,53,Kranjska Gora
2169,53,Kranjska Gora
2170,53,Kranjska Gora
2171,53,Kranjska Gora
2172,41,Jesenice
1732,61,Ljubljana
2098,52,Kranj
2099,82,Naklo
2100,52,Kranj
1720,61,Ljubljana
2101,52,Kranj
2102,52,Kranj
2103,52,Kranj
2104,52,Kranj
2105,52,Kranj
